{"cameraMode":{"drawMode":0,"name":"Shaded","section":"Shading Mode"},"sceneLighting":false,"audioPlay":false,"sceneViewState":{"showFog":true,"showMaterialUpdate":false,"showSkybox":false,"showFlares":true,"showImageEffects":true,"showParticleSystems":true},"in2DMode":false,"pivot":{"x":-9.250225067138672,"y":0.7587310671806336,"z":9.836281776428223},"rotation":{"x":0.17591169476509095,"y":-0.5469273328781128,"z":0.11880259960889816,"w":0.8098250031471252},"size":2.2863056659698488,"orthographic":false}