{"cameraMode":{"drawMode":0,"name":"Shaded","section":"Shading Mode"},"sceneLighting":false,"audioPlay":false,"sceneViewState":{"showFog":true,"showMaterialUpdate":false,"showSkybox":false,"showFlares":true,"showImageEffects":true,"showParticleSystems":true},"in2DMode":false,"pivot":{"x":6.012268543243408,"y":1.0813157558441163,"z":1.4341458082199097},"rotation":{"x":0.11618897318840027,"y":0.4835651218891144,"z":-0.06493891775608063,"w":0.8651358485221863},"size":1.2322640419006348,"orthographic":false}