{"cameraMode":{"drawMode":0,"name":"Shaded","section":"Shading Mode"},"sceneLighting":false,"audioPlay":false,"sceneViewState":{"showFog":true,"showMaterialUpdate":false,"showSkybox":false,"showFlares":true,"showImageEffects":true,"showParticleSystems":true},"in2DMode":false,"pivot":{"x":3.78039288520813,"y":0.4043436050415039,"z":3.3617238998413088},"rotation":{"x":0.0698409453034401,"y":0.0014965751906856895,"z":-0.00010493624722585082,"w":0.9975594282150269},"size":3.7225704193115236,"orthographic":false}