{"cameraMode":{"drawMode":0,"name":"Shaded","section":"Shading Mode"},"sceneLighting":false,"audioPlay":false,"sceneViewState":{"showFog":true,"showMaterialUpdate":false,"showSkybox":false,"showFlares":true,"showImageEffects":true,"showParticleSystems":true},"in2DMode":false,"pivot":{"x":9.483785629272461,"y":2.912126302719116,"z":1.6702444553375245},"rotation":{"x":0.15551190078258515,"y":-0.22744973003864289,"z":0.0368223711848259,"w":0.9605870842933655},"size":5.244926452636719,"orthographic":false}