{"cameraMode":{"drawMode":0,"name":"Shaded","section":"Shading Mode"},"sceneLighting":false,"audioPlay":false,"sceneViewState":{"showFog":true,"showMaterialUpdate":false,"showSkybox":false,"showFlares":true,"showImageEffects":true,"showParticleSystems":true},"in2DMode":false,"pivot":{"x":-0.5392509698867798,"y":-0.9411717653274536,"z":2.37338924407959},"rotation":{"x":0.19755767285823823,"y":0.01764432154595852,"z":-0.0035564450081437828,"w":0.9801287651062012},"size":3.500527858734131,"orthographic":false}