{"cameraMode":{"drawMode":0,"name":"Shaded","section":"Shading Mode"},"sceneLighting":false,"audioPlay":false,"sceneViewState":{"showFog":true,"showMaterialUpdate":false,"showSkybox":false,"showFlares":true,"showImageEffects":true,"showParticleSystems":true},"in2DMode":false,"pivot":{"x":7.127940654754639,"y":1.5491292476654053,"z":0.8966553211212158},"rotation":{"x":0.12429172545671463,"y":0.14647416770458222,"z":-0.018560199066996576,"w":0.981214165687561},"size":2.2458913326263429,"orthographic":false}