{"cameraMode":{"drawMode":0,"name":"Shaded","section":"Shading Mode"},"sceneLighting":false,"audioPlay":false,"sceneViewState":{"showFog":true,"showMaterialUpdate":false,"showSkybox":false,"showFlares":true,"showImageEffects":true,"showParticleSystems":true},"in2DMode":false,"pivot":{"x":7.118282318115234,"y":0.6609563827514648,"z":1.8020870685577393},"rotation":{"x":0.18593788146972657,"y":0.1856231689453125,"z":-0.035791948437690738,"w":0.9642108082771301},"size":1.8322639465332032,"orthographic":false}