{"cameraMode":{"drawMode":0,"name":"Shaded","section":"Shading Mode"},"sceneLighting":true,"audioPlay":false,"sceneViewState":{"showFog":true,"showMaterialUpdate":false,"showSkybox":true,"showFlares":true,"showImageEffects":true,"showParticleSystems":true},"in2DMode":false,"pivot":{"x":1.4890294075012208,"y":1.4691686630249024,"z":41.23280715942383},"rotation":{"x":0.02200404740869999,"y":0.028489666059613229,"z":-0.0006190093699842691,"w":0.9993634819984436},"size":33.44123458862305,"orthographic":false}