{"cameraMode":{"drawMode":0,"name":"Shaded","section":"Shading Mode"},"sceneLighting":false,"audioPlay":false,"sceneViewState":{"showFog":true,"showMaterialUpdate":false,"showSkybox":false,"showFlares":true,"showImageEffects":true,"showParticleSystems":true},"in2DMode":false,"pivot":{"x":0.5716032981872559,"y":-5.998527526855469,"z":11.555886268615723},"rotation":{"x":-0.45763617753982546,"y":-0.08828618377447128,"z":0.04573376104235649,"w":-0.8835700154304504},"size":24.75,"orthographic":false}