{"cameraMode":{"drawMode":0,"name":"Shaded","section":"Shading Mode"},"sceneLighting":false,"audioPlay":false,"sceneViewState":{"showFog":true,"showMaterialUpdate":false,"showSkybox":false,"showFlares":true,"showImageEffects":true,"showParticleSystems":true},"in2DMode":false,"pivot":{"x":3.1559343338012697,"y":-7.206859588623047,"z":21.713024139404298},"rotation":{"x":0.1676246076822281,"y":0.07386372238397598,"z":-0.0125960074365139,"w":0.983004629611969},"size":25.105653762817384,"orthographic":false}