{"cameraMode":{"drawMode":0,"name":"Shaded","section":"Shading Mode"},"sceneLighting":false,"audioPlay":false,"sceneViewState":{"showFog":true,"showMaterialUpdate":false,"showSkybox":false,"showFlares":true,"showImageEffects":true,"showParticleSystems":true},"in2DMode":false,"pivot":{"x":7.091241359710693,"y":2.6639626026153566,"z":19.619321823120118},"rotation":{"x":0.2311091274023056,"y":0.0379328578710556,"z":-0.00901759508997202,"w":0.9721478819847107},"size":5.472431182861328,"orthographic":false}