{"cameraMode":{"drawMode":0,"name":"Shaded","section":"Shading Mode"},"sceneLighting":true,"audioPlay":false,"sceneViewState":{"showFog":true,"showMaterialUpdate":false,"showSkybox":false,"showFlares":true,"showImageEffects":true,"showParticleSystems":true},"in2DMode":false,"pivot":{"x":-0.49593478441238406,"y":1.6289981603622437,"z":-1.1571033000946046},"rotation":{"x":0.06231759488582611,"y":0.03592228889465332,"z":-0.0022442310582846405,"w":0.9974097609519959},"size":5.327448844909668,"orthographic":false}