{"cameraMode":{"drawMode":0,"name":"Shaded","section":"Shading Mode"},"sceneLighting":false,"audioPlay":false,"sceneViewState":{"showFog":true,"showMaterialUpdate":false,"showSkybox":false,"showFlares":true,"showImageEffects":true,"showParticleSystems":true},"in2DMode":false,"pivot":{"x":-0.057521335780620578,"y":1.1661391258239747,"z":0.6135733723640442},"rotation":{"x":0.16949044167995454,"y":0.031038658693432809,"z":-0.0053407237865030769,"w":0.9850282669067383},"size":3.3054873943328859,"orthographic":false}